"Đơn vị","Lĩnh vực","Mã số TTHC","Tên TTHC","Phí, lệ phí","Số hiệu Quyết định Phê duyệt Danh mục TTHC","Số hiệu Quyết định Quy trình nội bộ","Nơi tiếp nhận hồ sơ và trả kết quả","Cấp thực hiện","Thẩm quyền giải quyết","Số hiệu Quyết định công bố danh mục DVCTT","Mức độ DVCTT hiện tại","Ghi chú"
"GDĐT","Giáo dục và Đào tạo thuộc hệ thống giáo dục quốc dân","1.005144.000.00.00.H34","Đề nghị miễn giảm học phí, hỗ trợ chi phí học tập, hỗ trợ tiền đóng học phí đối với người học tại các cơ sở giáo dục mầm non, giáo dục phổ thông, giáo dục thường xuyên, giáo dục nghề nghiệp và giáo dục đại học","Không","Quyết định số 572/QĐ-UBND ngày 05/11/2021","Chưa có","Trung tâm Phục vụ hành chính công tỉnh; Bộ phận tiếp nhận và trả kết quả Ủy ban nhân dân cấp huyện","Cấp Tỉnh","Sở Giáo dục và Đào tạo","Quyết định số 526/QĐ-UBND ngày 05/10/2021","Mức độ 4",""
"GDĐT","Giáo dục đào tạo thuộc hệ thống giáo dục quốc dân và các cơ sở khác","1.004443.000.00.00.H34","Cho phép nhóm trẻ, lớp mẫu giáo độc lập hoạt động giáo dục trở lại","Không","Quyết định số 341/QĐ-UBND ngày 06/07/2021","Quyết định số 470/QĐ-UBND ngày 26/8/2021","Bộ phận Tiếp nhận và Trả kết quả cấp Xã","Cấp Xã","UBND cấp Xã","","Mức độ 2",""
"GDĐT","Giáo dục đào tạo thuộc hệ thống giáo dục quốc dân và các cơ sở khác","1.004485.000.00.00.H34","Sáp nhập, chia, tách nhóm trẻ, lớp mẫu giáo độc lập","Không","Quyết định số 341/QĐ-UBND ngày 06/07/2021","Quyết định số 470/QĐ-UBND ngày 26/8/2021","Bộ phận Tiếp nhận và Trả kết quả cấp Xã","Cấp Xã","UBND cấp Xã","","Mức độ 2",""
"GDĐT","Giáo dục đào tạo thuộc hệ thống giáo dục quốc dân và các cơ sở khác","2.001810.000.00.00.H34","Giải thể nhóm trẻ, lớp mẫu giáo độc lập (theo yêu cầu của tổ chức, cá nhân đề nghị thành lập)","Không","Quyết định số 341/QĐ-UBND ngày 06/07/2021","Quyết định số 470/QĐ-UBND ngày 26/8/2021","Bộ phận Tiếp nhận và Trả kết quả cấp Xã","Cấp Xã","UBND cấp Xã","","Mức độ 2",""
"GDĐT","Quy chế thi, tuyển sinh","1.009394.000.00.00.H34","Đăng ký xét tuyển học theo chế độ cử tuyển","Không","Quyết định số 341/QĐ-UBND ngày 06/07/2021","Quyết định số 466/QĐ-UBND ngày 24/8/2021","Trung tâm Phục vụ hành chính công tỉnh","Cấp Tỉnh","UBND tỉnh","Quyết định số 200/QĐ-UBND ngày 16/4/2021","Mức độ 3",""
"GDĐT","Giáo dục và Đào tạo thuộc hệ thống giáo dục quốc dân","1.008723.000.00.00.H34","Chuyển đổi trường trung học phổ thông tư thục, trường phổ thông tư thục có nhiều cấp học có cấp học cao nhất là trung học phổ thông do nhà đầu tư trong nước đầu tư; cơ sở giáo dục phổ thông tư thục do nhà đầu tư nước ngoài đầu tư sang trường phổ thông tư thục hoạt động không vì lợi nhuận","Không","Quyết định số 341/QĐ-UBND ngày 06/07/2021","Quyết định số 466/QĐ-UBND ngày 24/8/2021","Trung tâm Phục vụ hành chính công tỉnh","Cấp Tỉnh","UBND tỉnh","Quyết định số 200/QĐ-UBND ngày 16/4/2021","Mức độ 3",""
"GDĐT","Đào tạo với nước ngoài","1.008722.000.00.00.H34","Chuyển đổi nhà trẻ, trường mẫu giáo, trường mầm non tư thục do nhà đầu tư nước ngoài đầu tư sang nhà trẻ, trường mẫu giáo, trường mầm non tư thục hoạt động không vì lợi nhuận","Không","Quyết định số 341/QĐ-UBND ngày 06/07/2021","Quyết định số 466/QĐ-UBND ngày 24/8/2021","Trung tâm Phục vụ hành chính công tỉnh","Cấp Tỉnh","UBND tỉnh","Quyết định số 200/QĐ-UBND ngày 16/4/2021","Mức độ 3",""
"GDĐT","Giáo dục đào tạo thuộc hệ thống giáo dục quốc dân và các cơ sở khác","1.004712.000.00.00.H34","Tổ chức lại, cho phép tổ chức lại trung tâm hỗ trợ và phát triển giáo dục hòa nhập","Không","Quyết định số 341/QĐ-UBND ngày 06/07/2021","Quyết định số 466/QĐ-UBND ngày 24/8/2021","Trung tâm Phục vụ hành chính công tỉnh","Cấp Tỉnh","Sở Nội vụ và Sở Lao động, Thương binh Xã hội","Quyết định số 200/QĐ-UBND ngày 16/4/2021","Mức độ 3",""
"GDĐT","Giáo dục nghề nghiệp","1.005069.000.00.00.H34","Thành lập trường trung cấp sư phạm công lập, cho phép thành lập trường trung cấp sư phạm tư thục","Không","Quyết định số 341/QĐ-UBND ngày 06/07/2021","Quyết định số 466/QĐ-UBND ngày 24/8/2021","Trung tâm Phục vụ hành chính công tỉnh","Cấp Tỉnh","UBND tỉnh","Quyết định số 07/QĐ-UBND ngày 06/01/2021","Mức độ 3",""
"GDĐT","Giáo dục đào tạo thuộc hệ thống giáo dục quốc dân và các cơ sở khác","1.005017.000.00.00.H34","Thành lập trường năng khiếu thể dục thể thao thuộc địa phương","Không","Quyết định số 341/QĐ-UBND ngày 06/07/2021","Quyết định số 466/QĐ-UBND ngày 24/8/2021","Trung tâm Phục vụ hành chính công tỉnh","Cấp Tỉnh","UBND tỉnh","Quyết định số 07/QĐ-UBND ngày 06/01/2021","Mức độ 3",""
"GDĐT","Giáo dục nghề nghiệp","1.005088.000.00.00.H34","Thành lập phân hiệu trường trung cấp sư phạm hoặc cho phép thành lập phân hiệu trường trung cấp sư phạm tư thục","Không","Quyết định số 341/QĐ-UBND ngày 06/07/2021","Quyết định số 466/QĐ-UBND ngày 24/8/2021","Trung tâm Phục vụ hành chính công tỉnh","Cấp Tỉnh","UBND tỉnh","Quyết định số 07/QĐ-UBND ngày 06/01/2021","Mức độ 3",""
"GDĐT","Giáo dục nghề nghiệp","1.005073.000.00.00.H34","Sáp nhập, chia, tách trường trung cấp sư phạm","Không","Quyết định số 341/QĐ-UBND ngày 06/07/2021","Quyết định số 466/QĐ-UBND ngày 24/8/2021","Trung tâm Phục vụ hành chính công tỉnh","Cấp Tỉnh","UBND tỉnh","","Mức độ 2",""
"GDĐT","Giáo dục thường xuyên","1.000744.000.00.00.H34","Sáp nhập, chia tách Trung tâm giáo dục thường xuyên","Không","Quyết định số 341/QĐ-UBND ngày 06/07/2021","Quyết định số 466/QĐ-UBND ngày 24/8/2021","Trung tâm Phục vụ hành chính công tỉnh","Cấp Tỉnh","Sở Nội vụ và Sở Lao động, Thương binh Xã hội","Quyết định số 200/QĐ-UBND ngày 16/4/2021","Mức độ 3",""
"GDĐT","Đào tạo với nước ngoài","1.001499.000.00.00.H34","Phê duyệt liên kết giáo dục","Không","Quyết định số 341/QĐ-UBND ngày 06/07/2021","Quyết định số 466/QĐ-UBND ngày 24/8/2021","Trung tâm Phục vụ hành chính công tỉnh","Cấp Tỉnh","Sở Giáo dục và Đào tạo","Quyết định số 07/QĐ-UBND ngày 06/01/2021","Mức độ 3",""
"GDĐT","Giáo dục trung học","1.006389.000.00.00.H34","Giải thể trường trung học phổ thông (theo đề nghị của cá nhân, tổ chức thành lập trường)","Không","Quyết định số 341/QĐ-UBND ngày 06/07/2021","Quyết định số 466/QĐ-UBND ngày 24/8/2021","Trung tâm Phục vụ hành chính công tỉnh","Cấp Tỉnh","UBND tỉnh","","Mức độ 2",""
"GDĐT","Giáo dục nghề nghiệp","2.001988.000.00.00.H34","Giải thể trường trung cấp sư phạm (theo đề nghị của tổ chức, cá nhân đề nghị thành lập trường trung cấp)","Không","Quyết định số 341/QĐ-UBND ngày 06/07/2021","Quyết định số 466/QĐ-UBND ngày 24/8/2021","Trung tâm Phục vụ hành chính công tỉnh","Cấp Tỉnh","UBND tỉnh","","Mức độ 2",""
"GDĐT","Giáo dục đào tạo thuộc hệ thống giáo dục quốc dân và các cơ sở khác","1.005036.000.00.00.H34","Giải thể trung tâm ngoại ngữ, tin học (theo đề nghị của cá nhân tổ chức thành lập trung tâm ngoại ngữ, tin hoc)","Không","Quyết định số 341/QĐ-UBND ngày 06/07/2021","Quyết định số 466/QĐ-UBND ngày 24/8/2021","Trung tâm Phục vụ hành chính công tỉnh","Cấp Tỉnh","Sở Giáo dục và Đào tạo","","Mức độ 2",""
"GDĐT","Giáo dục nghề nghiệp","1.005087.000.00.00.H34","Giải thể phân hiệu trường trung cấp sư phạm (theo đề nghị của tổ chức, cá nhân đề nghị thành lập phân hiệu trường trung cấp)","Không","Quyết định số 341/QĐ-UBND ngày 06/07/2021","Quyết định số 466/QĐ-UBND ngày 24/8/2021","Trung tâm Phục vụ hành chính công tỉnh","Cấp Tỉnh","UBND tỉnh","","Mức độ 2",""
"GDĐT","Đào tạo với nước ngoài","1.001497.000.00.00.H34","Gia hạn, điều chỉnh hoạt động liên kết giáo dục","Không","Quyết định số 341/QĐ-UBND ngày 06/07/2021","Quyết định số 466/QĐ-UBND ngày 24/8/2021","Trung tâm Phục vụ hành chính công tỉnh","Cấp Tỉnh","Sở Giáo dục và Đào tạo","Quyết định số 07/QĐ-UBND ngày 06/01/2021","Mức độ 3",""
"GDĐT","Đào tạo với nước ngoài","1.001492.000.00.00.H34","Đăng ký hoạt động của Văn phòng đại diện giáo dục nước ngoài tại Việt Nam","Không","Quyết định số 341/QĐ-UBND ngày 06/07/2021","Quyết định số 466/QĐ-UBND ngày 24/8/2021","Trung tâm Phục vụ hành chính công tỉnh","Cấp Tỉnh","UBND tỉnh","Quyết định số 200/QĐ-UBND ngày 16/4/2021","Mức độ 3",""
"GDĐT","Giáo dục nghề nghiệp","2.001989.000.00.00.H34","Đăng ký bổ sung hoạt động giáo dục nghề nghiệp đối với nhóm ngành đào tạo giáo viên trình độ trung cấp","Không","Quyết định số 341/QĐ-UBND ngày 06/07/2021","Quyết định số 466/QĐ-UBND ngày 24/8/2021","Trung tâm Phục vụ hành chính công tỉnh","Cấp Tỉnh","Sở Giáo dục và Đào tạo","Quyết định số 200/QĐ-UBND ngày 16/4/2021","Mức độ 3",""
"GDĐT","Giáo dục dân tộc","1.004496.000.00.00.H34","Cho phép trường phổ thông dân tộc nội trú có cấp học cao nhất là trung học cơ sở hoạt động giáo dục","Không","Quyết định số 341/QĐ-UBND ngày 06/07/2021","Quyết định số 466/QĐ-UBND ngày 24/8/2021","Bộ phận Tiếp nhận và Trả kết quả cấp Huyện","Cấp Huyện","UBND cấp Huyện","","Mức độ 2",""
"GDĐT","Đào tạo với nước ngoài","1.001495.000.00.00.H34","Cho phép hoạt động giáo dục trở lại đối với cơ sở đào tạo, bồi dưỡng ngắn hạn;cơ sở giáo dục mầm non; cơ sở giáo dục phổ thông có vốn đầu tư nước ngoài tại Việt Nam","Không","Quyết định số 341/QĐ-UBND ngày 06/07/2021","Quyết định số 466/QĐ-UBND ngày 24/8/2021","Trung tâm Phục vụ hành chính công tỉnh","Cấp Tỉnh","Sở Giáo dục và Đào tạo","Quyết định số 200/QĐ-UBND ngày 16/4/2021","Mức độ 3",""
"GDĐT","Giáo dục nghề nghiệp","1.005082.000.00.00.H34","Cho phép hoạt động giáo dục nghề nghiệp trở lại đối với nhóm ngành đào tạo giáo viên trình độ trung cấp","Không","Quyết định số 341/QĐ-UBND ngày 06/07/2021","Quyết định số 466/QĐ-UBND ngày 24/8/2021","Trung tâm Phục vụ hành chính công tỉnh","Cấp Tỉnh","Sở Giáo dục và Đào tạo","Quyết định số 200/QĐ-UBND ngày 16/4/2021","Mức độ 3",""
"GDĐT","Đào tạo với nước ngoài","1.006446.000.00.00.H34","Cho phép hoạt động giáo dục đối với cơ sở đào tạo, bồi dưỡng ngắn hạn; cơ sở giáo dục mầm non; cơ sở giáo dục phổ thông có vốn đầu tư nước ngoài tại Việt Nam","Không","Quyết định số 341/QĐ-UBND ngày 06/07/2021","Quyết định số 466/QĐ-UBND ngày 24/8/2021","Trung tâm Phục vụ hành chính công tỉnh","Cấp Tỉnh","Sở Giáo dục và Đào tạo","Quyết định số 200/QĐ-UBND ngày 16/4/2021","Mức độ 3",""
"GDĐT","Đào tạo với nước ngoài","1.001496.000.00.00.H34","Chấm dứt hoạt động liên kết giáo dục theo đề nghị của các bên liên kết","Không","Quyết định số 341/QĐ-UBND ngày 06/07/2021","Quyết định số 466/QĐ-UBND ngày 24/8/2021","Trung tâm Phục vụ hành chính công tỉnh","Cấp Tỉnh","Sở Giáo dục và Đào tạo","","Mức độ 2",""
"GDĐT","Đào tạo với nước ngoài","1.000718.000.00.00.H34","Bổ sung, điều chỉnh quyết định cho phép hoạt động giáo dục đối với cơ sở đào tạo, bồi dưỡng ngắn hạn; cơ sở giáo dục mầm non; cơ sở giáo dục phổ thông có vốn đầu tư nước ngoài tại Việt Nam","Không","Quyết định số 341/QĐ-UBND ngày 06/07/2021","Quyết định số 466/QĐ-UBND ngày 24/8/2021","Trung tâm Phục vụ hành chính công tỉnh","Cấp Tỉnh","Sở Giáo dục và Đào tạo","Quyết định số 200/QĐ-UBND ngày 16/4/2021","Mức độ 3",""
"GDĐT","Giáo dục mầm non","1.006444.000.00.00.H34","Cho phép trường mẫu giáo, trường mầm non, nhà trẻ hoạt động giáo dục trở lại","Không","Quyết định số 341/QĐ-UBND ngày 06/07/2021","Quyết định số 466/QĐ-UBND ngày 24/8/2021","Bộ phận Tiếp nhận và Trả kết quả cấp Huyện","Cấp Huyện","UBND cấp Huyện","","Mức độ 2",""
"GDĐT","Giáo dục dân tộc","1.005079.000.00.00.H34","Sáp nhập, chia tách trường phổ thông dân tộc nội trú","Không","Quyết định số 341/QĐ-UBND ngày 06/07/2021","Quyết định số 466/QĐ-UBND ngày 24/8/2021","Trung tâm Phục vụ hành chính công tỉnh","Cấp Tỉnh","UBND tỉnh","Quyết định số 200/QĐ-UBND ngày 16/4/2021","Mức độ 3",""
"GDĐT","Giáo dục dân tộc","1.005076.000.00.00.H34","Giải thể trường phổ thông dân tộc nội trú (Theo yêu cầu của tổ chức, cá nhân đề nghị thành lập trường)","Không","Quyết định số 341/QĐ-UBND ngày 06/07/2021","Quyết định số 466/QĐ-UBND ngày 24/8/2021","Trung tâm Phục vụ hành chính công tỉnh","Cấp Tỉnh","UBND tỉnh","Quyết định số 200/QĐ-UBND ngày 16/4/2021","Mức độ 3",""
"GDĐT","Giáo dục tiểu học","2.001842.000.00.00.H34","Cho phép trường tiểu học hoạt động giáo dục","Không","Quyết định số 341/QĐ-UBND ngày 06/07/2021","Quyết định số 466/QĐ-UBND ngày 24/8/2021","Bộ phận Tiếp nhận và Trả kết quả cấp Huyện","Cấp Huyện","UBND cấp Huyện","","Mức độ 2",""
"GDĐT","Giáo dục trung học","1.004444.000.00.00.H34","Cho phép trường trung học cơ sở hoạt động giáo dục","Không","Quyết định số 341/QĐ-UBND ngày 06/07/2021","Quyết định số 466/QĐ-UBND ngày 24/8/2021","Bộ phận Tiếp nhận và Trả kết quả cấp Huyện","Cấp Huyện","UBND cấp Huyện","","Mức độ 2",""
"GDĐT","Lĩnh vực Giáo dục Dân tộc","1.005090.000.00.00.H34","Xét tuyển sinh vào trường Phổ thông dân tộc nội trú","Không","Quyết định số 341/QĐ-UBND ngày 06/07/2021","Quyết định số 466/QĐ-UBND ngày 24/8/2021","Trung tâm Phục vụ hành chính công tỉnh","Cấp Tỉnh","Sở Giáo dục và Đào tạo","Quyết định số 475/QĐ-UBND ngày 27/8/2021","Mức độ 4",""
"GDĐT","Lĩnh vực Giáo dục và Đào tạo thuộc hệ thống giáo dục quốc dân","1.005354.000.00.00.H34","Cấp giấy chứng nhận đăng ký hoạt động giáo dục nghề nghiệp đối với nhóm ngành đào tạo giáo viên trình độ trung cấp","Không","Quyết định số 341/QĐ-UBND ngày 06/07/2021","Quyết định số 466/QĐ-UBND ngày 24/8/2021","Trung tâm Phục vụ hành chính công tỉnh","Cấp Tỉnh","Sở Giáo dục và Đào tạo","Quyết định số 805/QĐ-UBND ngày 23/11/2020","Mức độ 4",""
"GDĐT","Lĩnh vực Giáo dục và Đào tạo thuộc hệ thống giáo dục quốc dân","1.005061.000.00.00.H34","Cấp giấy chứng nhận đăng ký kinh doanh dịch vụ tư vấn du học","Không","Quyết định số 341/QĐ-UBND ngày 06/07/2021","Quyết định số 466/QĐ-UBND ngày 24/8/2021","Trung tâm Phục vụ hành chính công tỉnh","Cấp Tỉnh","Sở Giáo dục và Đào tạo","Quyết định số 805/QĐ-UBND ngày 23/11/2020","Mức độ 4",""
"GDĐT","Giáo dục và Đào tạo thuộc hệ thống giáo dục quốc dân","1.004435.000.00.00.H34","Xét, duyệt chính sách hỗ trợ đối với học sinh trung học phổ thông là người dân tộc Kinh","Không","Quyết định số 341/QĐ-UBND ngày 06/07/2021","Quyết định số 466/QĐ-UBND ngày 24/8/2021","Trung tâm Phục vụ hành chính công tỉnh","Cấp Tỉnh","UBND tỉnh","Quyết định số 805/QĐ-UBND ngày 23/11/2020","Mức độ 4",""
"GDĐT","Lĩnh vực Giáo dục và Đào tạo thuộc hệ thống giáo dục quốc dân","1.005143.000.00.00.H34","Đề nghị phê duyệt việc dạy và học bằng tiếng nước ngoài","Không","Quyết định số 341/QĐ-UBND ngày 06/07/2021","Quyết định số 466/QĐ-UBND ngày 24/8/2021","Trung tâm Phục vụ hành chính công tỉnh","Cấp Tỉnh","Sở Giáo dục và Đào tạo","Quyết định số 805/QĐ-UBND ngày 23/11/2020","Mức độ 4",""
"GDĐT","Lĩnh vực Giáo dục và Đào tạo thuộc hệ thống giáo dục quốc dân","1.001088.000.00.00.H34","Xin học lại tại trường khác đối với học sinh trung học","Không","Quyết định số 341/QĐ-UBND ngày 06/07/2021","Quyết định số 466/QĐ-UBND ngày 24/8/2021","Trung tâm Phục vụ hành chính công tỉnh","Cấp Tỉnh","Sở Giáo dục và Đào tạo","Quyết định số 805/QĐ-UBND ngày 23/11/2020","Mức độ 4",""
"GDĐT","Lĩnh vực Giáo dục và Đào tạo thuộc hệ thống giáo dục quốc dân","1.004436.000.00.00.H34","Xét, duyệt chính sách hỗ trợ đối với học sinh trung học phổ thông là người dân tộc thiểu số","Không","Quyết định số 341/QĐ-UBND ngày 06/07/2021","Quyết định số 466/QĐ-UBND ngày 24/8/2021","Trung tâm Phục vụ hành chính công tỉnh","Cấp Tỉnh","UBND tỉnh","Quyết định số 805/QĐ-UBND ngày 23/11/2020","Mức độ 4",""
"GDĐT","Lĩnh vực Giáo dục Trung học","1.000270.000.00.00.H34","Chuyển trường đối với học sinh trung học phổ thông","Không","Quyết định số 341/QĐ-UBND ngày 06/07/2021","Quyết định số 466/QĐ-UBND ngày 24/8/2021","Trung tâm Phục vụ hành chính công tỉnh","Cấp Tỉnh","Sở Giáo dục và Đào tạo","Quyết định số 805/QĐ-UBND ngày 23/11/2020","Mức độ 4",""
"GDĐT","Lĩnh vực Hệ thống văn bằng, chứng chỉ","2.001914.000.00.00.H34","Chỉnh sửa nội dung văn bằng, chứng chỉ","Không","Quyết định số 341/QĐ-UBND ngày 06/07/2021","Quyết định số 466/QĐ-UBND ngày 24/8/2021","Trung tâm Phục vụ hành chính công tỉnh","Cấp Tỉnh","Sở Giáo dục và Đào tạo","Quyết định số 805/QĐ-UBND ngày 23/11/2020","Mức độ 4",""
"GDĐT","Lĩnh vực Giáo dục và Đào tạo thuộc hệ thống giáo dục quốc dân","1.005049.000.00.00.H34","Cho phép trung tâm ngoại ngữ, tin học hoạt động giáo dục","Không","Quyết định số 341/QĐ-UBND ngày 06/07/2021","Quyết định số 466/QĐ-UBND ngày 24/8/2021","Trung tâm Phục vụ hành chính công tỉnh","Cấp Tỉnh","Sở Giáo dục và Đào tạo","Quyết định số 805/QĐ-UBND ngày 23/11/2020","Mức độ 4",""
"GDĐT","Lĩnh vực Giáo dục và Đào tạo thuộc hệ thống giáo dục quốc dân","1.005025.000.00.00.H34","Cho phép trung tâm ngoại ngữ, tin học hoạt động giáo dục trở lại","Không","Quyết định số 341/QĐ-UBND ngày 06/07/2021","Quyết định số 466/QĐ-UBND ngày 24/8/2021","Trung tâm Phục vụ hành chính công tỉnh","Cấp Tỉnh","Sở Giáo dục và Đào tạo","Quyết định số 805/QĐ-UBND ngày 23/11/2020","Mức độ 4",""
"GDĐT","Lĩnh vực Giáo dục và Đào tạo thuộc hệ thống giáo dục quốc dân","1.005195.000.00.00.H34","Cho phép trung tâm hỗ trợ và phát triển giáo dục hòa nhập hoạt động giáo dục","Không","Quyết định số 341/QĐ-UBND ngày 06/07/2021","Quyết định số 466/QĐ-UBND ngày 24/8/2021","Trung tâm Phục vụ hành chính công tỉnh","Cấp Tỉnh","Sở Giáo dục và Đào tạo","Quyết định số 805/QĐ-UBND ngày 23/11/2020","Mức độ 4",""
"GDĐT","Lĩnh vực Giáo dục và Đào tạo thuộc hệ thống giáo dục quốc dân","1.005008.000.00.00.H34","Cho phép trường trung học phổ thông chuyên hoạt động giáo dục","Không","Quyết định số 341/QĐ-UBND ngày 06/07/2021","Quyết định số 466/QĐ-UBND ngày 24/8/2021","Trung tâm Phục vụ hành chính công tỉnh","Cấp Tỉnh","Sở Giáo dục và Đào tạo","Quyết định số 805/QĐ-UBND ngày 23/11/2020","Mức độ 4",""
"GDĐT","Lĩnh vực Giáo dục và Đào tạo thuộc hệ thống giáo dục quốc dân","1.005074.000.00.00.H34","Cho phép trường trung học phổ thông hoạt động giáo dục","Không","Quyết định số 341/QĐ-UBND ngày 06/07/2021","Quyết định số 466/QĐ-UBND ngày 24/8/2021","Trung tâm Phục vụ hành chính công tỉnh","Cấp Tỉnh","Sở Giáo dục và Đào tạo","Quyết định số 805/QĐ-UBND ngày 23/11/2020","Mức độ 4",""
"GDĐT","Lĩnh vực Giáo dục và Đào tạo thuộc hệ thống giáo dục quốc dân","1.005065.000.00.00.H34","Thành lập trung tâm giáo dục thường xuyên","Không","Quyết định số 341/QĐ-UBND ngày 06/07/2021","Quyết định số 466/QĐ-UBND ngày 24/8/2021","Trung tâm Phục vụ hành chính công tỉnh","Cấp Tỉnh","Sở Nội vụ và Sở Lao động, Thương binh Xã hội","Quyết định số 805/QĐ-UBND ngày 23/11/2020","Mức độ 4",""
"GDĐT","Lĩnh vực Giáo dục và Đào tạo thuộc hệ thống giáo dục quốc dân","1.005084.000.00.00.H34","Thành lập trường phổ thông dân tộc nội trú","Không","Quyết định số 341/QĐ-UBND ngày 06/07/2021","Quyết định số 466/QĐ-UBND ngày 24/8/2021","Trung tâm Phục vụ hành chính công tỉnh","Cấp Tỉnh","UBND tỉnh","Quyết định số 805/QĐ-UBND ngày 23/11/2020","Mức độ 4",""
"GDĐT","Lĩnh vực Giáo dục và Đào tạo thuộc hệ thống giáo dục quốc dân","1.005466.000.00.00.H34","Thành lập trung tâm hỗ trợ và phát triển giáo dục hòa nhập công lập hoặc cho phép thành lâp trung tâm hỗ trợ và phát triển giáo dục hòa nhập tư thục","Không","Quyết định số 341/QĐ-UBND ngày 06/07/2021","Quyết định số 466/QĐ-UBND ngày 24/8/2021","Trung tâm Phục vụ hành chính công tỉnh","Cấp Tỉnh","Sở Nội vụ và Sở Lao động, Thương binh Xã hội","Quyết định số 805/QĐ-UBND ngày 23/11/2020","Mức độ 4",""
"GDĐT","Lĩnh vực Giáo dục và Đào tạo thuộc hệ thống giáo dục quốc dân","1.005053.000.00.00.H34","Thành lập, cho phép thành lập trung tâm ngoại ngữ, tin học","Không","Quyết định số 341/QĐ-UBND ngày 06/07/2021","Quyết định số 466/QĐ-UBND ngày 24/8/2021","Trung tâm Phục vụ hành chính công tỉnh","Cấp Tỉnh","Sở Giáo dục và Đào tạo","Quyết định số 805/QĐ-UBND ngày 23/11/2020","Mức độ 4",""
"GDĐT","Lĩnh vực Giáo dục và Đào tạo thuộc hệ thống giáo dục quốc dân","1.001000.000.00.00.H34","Xác nhận hoạt động giáo dục kỹ năng sống và hoạt động giáo dục ngoài giờ chính khóa","Không","Quyết định số 341/QĐ-UBND ngày 06/07/2021","Quyết định số 466/QĐ-UBND ngày 24/8/2021","Trung tâm Phục vụ hành chính công tỉnh","Cấp Tỉnh","Sở Giáo dục và Đào tạo","Quyết định số 805/QĐ-UBND ngày 23/11/2020","Mức độ 4",""
"GDĐT","Lĩnh vực Giáo dục và Đào tạo thuộc hệ thống giáo dục quốc dân","1.006388.000.00.00.H34","Thành lập trường trung học phổ thông công lập hoặc cho phép thành lập trường trung học phổ thông tư thục","Không","Quyết định số 341/QĐ-UBND ngày 06/07/2021","Quyết định số 466/QĐ-UBND ngày 24/8/2021","Trung tâm Phục vụ hành chính công tỉnh","Cấp Tỉnh","UBND tỉnh","Quyết định số 805/QĐ-UBND ngày 23/11/2020","Mức độ 4",""
"GDĐT","Lĩnh vực Giáo dục và Đào tạo thuộc hệ thống giáo dục quốc dân","1.005015.000.00.00.H34","Thành lập trường trung học phổ thông chuyên công lập hoặc cho phép thành lâp trường trung học phổ thông chuyên tư thục","Không","Quyết định số 341/QĐ-UBND ngày 06/07/2021","Quyết định số 466/QĐ-UBND ngày 24/8/2021","Trung tâm Phục vụ hành chính công tỉnh","Cấp Tỉnh","UBND tỉnh","Quyết định số 805/QĐ-UBND ngày 23/11/2020","Mức độ 4",""
"GDĐT","Lĩnh vực Giáo dục và Đào tạo thuộc hệ thống giáo dục quốc dân","1.005043.000.00.00.H34","Sáp nhập, chia, tách trung tâm ngoại ngữ, tin học","Không","Quyết định số 341/QĐ-UBND ngày 06/07/2021","Quyết định số 466/QĐ-UBND ngày 24/8/2021","Trung tâm Phục vụ hành chính công tỉnh","Cấp Tỉnh","Sở Giáo dục và Đào tạo","Quyết định số 805/QĐ-UBND ngày 23/11/2020","Mức độ 4",""
"GDĐT","Lĩnh vực Giáo dục và Đào tạo thuộc hệ thống giáo dục quốc dân","1.004999.000.00.00.H34","Sáp nhập, chia tách trường trung học phổ thông chuyên","Không","Quyết định số 341/QĐ-UBND ngày 06/07/2021","Quyết định số 466/QĐ-UBND ngày 24/8/2021","Trung tâm Phục vụ hành chính công tỉnh","Cấp Tỉnh","UBND tỉnh","Quyết định số 805/QĐ-UBND ngày 23/11/2020","Mức độ 4",""
"GDĐT","Lĩnh vực Giáo dục và Đào tạo thuộc hệ thống giáo dục quốc dân","1.005070.000.00.00.H34","Sáp nhập, chia tách trường trung học phổ thông","Không","Quyết định số 341/QĐ-UBND ngày 06/07/2021","Quyết định số 466/QĐ-UBND ngày 24/8/2021","Trung tâm Phục vụ hành chính công tỉnh","Cấp Tỉnh","UBND tỉnh","Quyết định số 805/QĐ-UBND ngày 23/11/2020","Mức độ 4",""
"GDĐT","Lĩnh vực Giáo dục và Đào tạo thuộc hệ thống giáo dục quốc dân","1.004991.000.00.00.H34","Giải thể trường trung học phổ thông chuyên","Không","Quyết định số 341/QĐ-UBND ngày 06/07/2021","Quyết định số 466/QĐ-UBND ngày 24/8/2021","Trung tâm Phục vụ hành chính công tỉnh","Cấp Tỉnh","UBND tỉnh","Quyết định số 805/QĐ-UBND ngày 23/11/2020","Mức độ 4",""
"GDĐT","Lĩnh vực Giáo dục và Đào tạo thuộc hệ thống giáo dục quốc dân","1.005057.000.00.00.H34","Giải thể trung tâm giáo dục thường xuyên","Không","Quyết định số 341/QĐ-UBND ngày 06/07/2021","Quyết định số 466/QĐ-UBND ngày 24/8/2021","Trung tâm Phục vụ hành chính công tỉnh","Cấp Tỉnh","Sở Nội vụ và Sở Lao động, Thương binh Xã hội","Quyết định số 805/QĐ-UBND ngày 23/11/2020","Mức độ 4",""
"GDĐT","Lĩnh vực Giáo dục và Đào tạo thuộc hệ thống giáo dục quốc dân","2.001987.000.00.00.H34","Đề nghị được kinh doanh dịch vụ tư vấn du học trở lại","Không","Quyết định số 341/QĐ-UBND ngày 06/07/2021","Quyết định số 466/QĐ-UBND ngày 24/8/2021","Trung tâm Phục vụ hành chính công tỉnh","Cấp Tỉnh","Sở Giáo dục và Đào tạo","Quyết định số 805/QĐ-UBND ngày 23/11/2020","Mức độ 4",""
"GDĐT","Lĩnh vực Giáo dục và Đào tạo thuộc hệ thống giáo dục quốc dân","2.001985.000.00.00.H34","Điều chỉnh, bổ sung giấy chứng nhận đăng ký kinh doanh dịch vụ tư vấn du học","Không","Quyết định số 341/QĐ-UBND ngày 06/07/2021","Quyết định số 466/QĐ-UBND ngày 24/8/2021","Trung tâm Phục vụ hành chính công tỉnh","Cấp Tỉnh","Sở Giáo dục và Đào tạo","Quyết định số 805/QĐ-UBND ngày 23/11/2020","Mức độ 4",""
"GDĐT","Lĩnh vực Giáo dục và Đào tạo thuộc hệ thống giáo dục quốc dân","1.005062.000.00.00.H34","Cho phép trung tâm giáo dục thường xuyên hoạt động giáo dục trở lại","Không","Quyết định số 341/QĐ-UBND ngày 06/07/2021","Quyết định số 466/QĐ-UBND ngày 24/8/2021","Trung tâm Phục vụ hành chính công tỉnh","Cấp Tỉnh","Sở Nội vụ và Sở Lao động, Thương binh Xã hội","Quyết định số 805/QĐ-UBND ngày 23/11/2020","Mức độ 4",""
"GDĐT","Lĩnh vực Giáo dục và Đào tạo thuộc hệ thống giáo dục quốc dân","1.005359.000.00.00.H34","Cho phép trung tâm hỗ trợ và phát triển giáo dục hòa nhập hoạt động trở lại","Không","Quyết định số 341/QĐ-UBND ngày 06/07/2021","Quyết định số 466/QĐ-UBND ngày 24/8/2021","Trung tâm Phục vụ hành chính công tỉnh","Cấp Tỉnh","Sở Giáo dục và Đào tạo","Quyết định số 805/QĐ-UBND ngày 23/11/2020","Mức độ 4",""
"GDĐT","Lĩnh vực Giáo dục và Đào tạo thuộc hệ thống giáo dục quốc dân","1.005081.000.00.00.H34","Cho phép trường phổ thông dân tộc nội trú có cấp học cao nhất là trung học phổ thông hoạt động giáo dục","Không","Quyết định số 341/QĐ-UBND ngày 06/07/2021","Quyết định số 466/QĐ-UBND ngày 24/8/2021","Trung tâm Phục vụ hành chính công tỉnh","Cấp Tỉnh","Sở Giáo dục và Đào tạo","Quyết định số 805/QĐ-UBND ngày 23/11/2020","Mức độ 4",""
"GDĐT","Lĩnh vực Giáo dục và Đào tạo thuộc hệ thống giáo dục quốc dân","1.004988.000.00.00.H34","Cho phép trường trung học phổ thông chuyên hoạt động trở lại","Không","Quyết định số 341/QĐ-UBND ngày 06/07/2021","Quyết định số 466/QĐ-UBND ngày 24/8/2021","Trung tâm Phục vụ hành chính công tỉnh","Cấp Tỉnh","Sở Giáo dục và Đào tạo","Quyết định số 805/QĐ-UBND ngày 23/11/2020","Mức độ 4",""
"GDĐT","Lĩnh vực Giáo dục và Đào tạo thuộc hệ thống giáo dục quốc dân","1.005067.000.00.00.H34","Cho phép trường trung học phổ thông hoạt động trở lại","Không","Quyết định số 341/QĐ-UBND ngày 06/07/2021","Quyết định số 466/QĐ-UBND ngày 24/8/2021","Trung tâm Phục vụ hành chính công tỉnh","Cấp Tỉnh","Sở Giáo dục và Đào tạo","Quyết định số 805/QĐ-UBND ngày 23/11/2020","Mức độ 4",""
"GDĐT","Lĩnh vực Giáo dục Mầm non","1.000715.000.00.00.H34","Cấp Chứng nhận trường mầm non đạt kiểm định chất lượng giáo dục","Không","Quyết định số 341/QĐ-UBND ngày 06/07/2021","Quyết định số 466/QĐ-UBND ngày 24/8/2021","Trung tâm Phục vụ hành chính công tỉnh","Cấp Tỉnh","Sở Giáo dục và Đào tạo","Quyết định số 805/QĐ-UBND ngày 23/11/2020","Mức độ 4",""
"GDĐT","Lĩnh vực Giáo dục Mầm non","1.000288.000.00.00.H34","Công nhận trường mầm non đạt chuẩn Quốc gia","Không","Quyết định số 341/QĐ-UBND ngày 06/07/2021","Quyết định số 466/QĐ-UBND ngày 24/8/2021","Trung tâm Phục vụ hành chính công tỉnh","Cấp Tỉnh","UBND tỉnh","Quyết định số 805/QĐ-UBND ngày 23/11/2020","Mức độ 4",""
"GDĐT","Lĩnh vực Giáo dục Thường xuyên","1.000181.000.00.00.H34","Cấp phép hoạt động giáo dục kỹ năng sống và hoạt động giáo dục ngoài giờ chính khóa","Không","Quyết định số 341/QĐ-UBND ngày 06/07/2021","Quyết định số 466/QĐ-UBND ngày 24/8/2021","Trung tâm Phục vụ hành chính công tỉnh","Cấp Tỉnh","Sở Giáo dục và Đào tạo","Quyết định số 805/QĐ-UBND ngày 23/11/2020","Mức độ 4",""
"GDĐT","Lĩnh vực Giáo dục Thường xuyên","1.000729.000.00.00.H34","Xếp hạng Trung tâm giáo dục thường xuyên","Không","Quyết định số 341/QĐ-UBND ngày 06/07/2021","Quyết định số 466/QĐ-UBND ngày 24/8/2021","Trung tâm Phục vụ hành chính công tỉnh","Cấp Tỉnh","Sở Giáo dục và Đào tạo","Quyết định số 805/QĐ-UBND ngày 23/11/2020","Mức độ 4",""
"GDĐT","Lĩnh vực Giáo dục Trung học","1.000711.000.00.00.H34","Cấp Chứng nhận trường trung học đạt kiểm định chất lượng giáo dục","Không","Quyết định số 341/QĐ-UBND ngày 06/07/2021","Quyết định số 466/QĐ-UBND ngày 24/8/2021","Trung tâm Phục vụ hành chính công tỉnh","Cấp Tỉnh","Sở Giáo dục và Đào tạo","Quyết định số 805/QĐ-UBND ngày 23/11/2020","Mức độ 4",""
"GDĐT","Lĩnh vực Giáo dục Trung học","1.000691.000.00.00.H34","Công nhận trường trung học đạt chuẩn Quốc gia","Không","Quyết định số 341/QĐ-UBND ngày 06/07/2021","Quyết định số 466/QĐ-UBND ngày 24/8/2021","Trung tâm Phục vụ hành chính công tỉnh","Cấp Tỉnh","UBND tỉnh","Quyết định số 805/QĐ-UBND ngày 23/11/2020","Mức độ 4",""
"GDĐT","Lĩnh vực Hệ thống văn bằng, chứng chỉ","1.004889.000.00.00.H34","Công nhận bằng tốt nghiệp trung học cơ sở, bằng tốt nghiệp trung học phổ thông, giấy chứng nhận hoàn thành chương trình giáo dục phổ thông do cơ sở giáo dục nước ngoài cấp để sử dụng tại Việt Nam","Không","Quyết định số 341/QĐ-UBND ngày 06/07/2021","Quyết định số 466/QĐ-UBND ngày 24/8/2021","Trung tâm Phục vụ hành chính công tỉnh","Cấp Tỉnh","Sở Giáo dục và Đào tạo","Quyết định số 475/QĐ-UBND ngày 27/8/2021","Mức độ 4",""
"GDĐT","Lĩnh vực Hệ thống văn bằng, chứng chỉ","1.005092.000.00.00.H34","Cấp bản sao văn bằng, chứng chỉ từ sổ gốc","Không","Quyết định số 341/QĐ-UBND ngày 06/07/2021","Quyết định số 466/QĐ-UBND ngày 24/8/2021","Trung tâm Phục vụ hành chính công tỉnh","Cấp Tỉnh","Sở Giáo dục và Đào tạo","Quyết định số 877/QĐ-TTg ngày 18/7/2018","Mức độ 4",""
"GDĐT","Giáo dục và Đào tạo thuộc hệ thống giáo dục quốc dân","1.002982.000.00.00.H34","Hỗ trợ học tập đối với học sinh trung học phổ thông các dân tộc thiểu số rất ít người","Không","Quyết định số 341/QĐ-UBND ngày 06/07/2021","Quyết định số 466/QĐ-UBND ngày 24/8/2021","Trung tâm Phục vụ hành chính công tỉnh; Cơ sở giáo dục","Cấp Tỉnh","Sở Giáo dục và Đào tạo","Quyết định số 526/QĐ-UBND ngày 05/10/2021","Mức độ 4",""
"GDĐT","Giáo dục và Đào tạo thuộc hệ thống giáo dục quốc dân","1.002407.000.00.00.H34","Xét, cấp học bổng chính sách","Không","Quyết định số 341/QĐ-UBND ngày 06/07/2021","Quyết định số 466/QĐ-UBND ngày 24/8/2021","Trung tâm Phục vụ hành chính công tỉnh; Bộ phận Tiếp nhận và Trả kết quả cấp Huyện","Cấp Tỉnh","Sở Nội vụ và Sở Lao động, Thương binh Xã hội","Quyết định số 526/QĐ-UBND ngày 05/10/2021","Mức độ 4",""
"GDĐT","Giáo dục và Đào tạo thuộc hệ thống giáo dục quốc dân","1.001714.000.00.00.H34","Cấp học bổng và hỗ trợ kinh phí mua phương tiện, đồ dùng học tập dùng riêng cho người khuyết tật học tại các cơ sở giáo dục","Không","Quyết định số 341/QĐ-UBND ngày 06/07/2021","Quyết định số 466/QĐ-UBND ngày 24/8/2021","Trung tâm Phục vụ hành chính công tỉnh; Bộ phận Tiếp nhận và Trả kết quả cấp Huyện","Cấp Tỉnh","Sở Giáo dục và Đào tạo","Quyết định số 526/QĐ-UBND ngày 05/10/2021","Mức độ 4",""
"GDĐT","Giáo dục và Đào tạo thuộc hệ thống giáo dục quốc dân","1.000280.000.00.00.H34","Công nhận trường tiểu học đạt chuẩn quốc gia","Không","Quyết định số 341/QĐ-UBND ngày 06/07/2021","Quyết định số 466/QĐ-UBND ngày 24/8/2021","Trung tâm Phục vụ hành chính công tỉnh","Cấp Tỉnh","UBND tỉnh","Quyết định số 526/QĐ-UBND ngày 05/10/2021","Mức độ 4",""
"GDĐT","Kiểm định chất lượng giáo dục","1.000713.000.00.00.H34","Cấp Chứng nhận trường tiểu học đạt kiểm định chất lượng giáo dục","Không","Quyết định số 341/QĐ-UBND ngày 06/07/2021","Quyết định số 466/QĐ-UBND ngày 24/8/2021","Trung tâm Phục vụ hành chính công tỉnh","Cấp Tỉnh","Sở Giáo dục và Đào tạo","Quyết định số 526/QĐ-UBND ngày 05/10/2021","Mức độ 4",""
"GDĐT","Quy chế thi, tuyển sinh","1.005095.000.00.00.H34","Phúc khảo bài thi tốt nghiệp trung học phổ thông","Không","Quyết định số 341/QĐ-UBND ngày 06/07/2021","Quyết định số 466/QĐ-UBND ngày 24/8/2021","Trung tâm Phục vụ hành chính công tỉnh","Cấp Tỉnh","Sở Giáo dục và Đào tạo","Quyết định số 337/QĐ-UBND ngày 29/6/2021","Mức độ 4",""
"GDĐT","Quy chế thi, tuyển sinh","1.005098.000.00.00.H34","Xét đặc cách tốt nghiệp trung học phổ thông","Không","Quyết định số 341/QĐ-UBND ngày 06/07/2021","Quyết định số 466/QĐ-UBND ngày 24/8/2021","Trung tâm Phục vụ hành chính công tỉnh","Cấp Tỉnh","Sở Giáo dục và Đào tạo","Quyết định số 337/QĐ-UBND ngày 29/6/2021","Mức độ 4",""
"GDĐT","Quy chế thi, tuyển sinh","1.005142.000.00.00.H34","Đăng ký dự thi tốt nghiệp trung học phổ thông","Không","Quyết định số 341/QĐ-UBND ngày 06/07/2021","Quyết định số 466/QĐ-UBND ngày 24/8/2021","Trung tâm Phục vụ hành chính công tỉnh","Cấp Tỉnh","Sở Giáo dục và Đào tạo","Quyết định số 475/QĐ-UBND ngày 27/8/2021","Mức độ 4",""
"GDĐT","Đào tạo với nước ngoài","1.000939.000.00.00.H34","Cho phép thành lập cơ sở giáo dục mầm non, cơ sở giáo dục phổ thông có vốn đầu tư nước ngoài tại Việt Nam","Không","Quyết định số 341/QĐ-UBND ngày 06/07/2021","Quyết định số 466/QĐ-UBND ngày 24/8/2021","Trung tâm Phục vụ hành chính công tỉnh","Cấp Tỉnh","UBND tỉnh","Quyết định số 375/QĐ-UBND ngày 20/07/2021","Mức độ 4",""
"GDĐT","Đào tạo với nước ngoài","1.001493.000.00.00.H34","Chấm dứt hoạt động cơ sở đào tạo, bồi dưỡng ngắn hạn có vốn đầu tư nước ngoài tại Việt Nam","Không","Quyết định số 341/QĐ-UBND ngày 06/07/2021","Quyết định số 466/QĐ-UBND ngày 24/8/2021","Trung tâm Phục vụ hành chính công tỉnh","Cấp Tỉnh","UBND tỉnh","Quyết định số 375/QĐ-UBND ngày 20/07/2021","Mức độ 4",""
"GDĐT","Đào tạo với nước ngoài","1.000716.000.00.00.H34","Giải thể cơ sở giáo dục mầm non, cơ sở giáo dục phổ thông có vốn đầu tư nước ngoài tại Việt Nam","Không","Quyết định số 341/QĐ-UBND ngày 06/07/2021","Quyết định số 466/QĐ-UBND ngày 24/8/2021","Trung tâm Phục vụ hành chính công tỉnh","Cấp Tỉnh","UBND tỉnh","Quyết định số 375/QĐ-UBND ngày 20/07/2021","Mức độ 4",""
"GDĐT","Giáo dục đào tạo thuộc hệ thống giáo dục quốc dân và các cơ sở khác","2.001805.000.00.00.H34","Giải thể trung tâm hỗ trợ và phát triển giáo dục hòa nhập (theo đề nghị của tổ chức, cá nhân thành lập)","Không","Quyết định số 341/QĐ-UBND ngày 06/07/2021","Quyết định số 466/QĐ-UBND ngày 24/8/2021","Trung tâm Phục vụ hành chính công tỉnh","Cấp Tỉnh","Sở Nội vụ và Sở Lao động, Thương binh Xã hội","Quyết định số 375/QĐ-UBND ngày 20/07/2021","Mức độ 4",""
"GDĐT","Quy chế thi, tuyển sinh","1.003734.000.00.00.H34","Đăng ký dự thi cấp chứng chỉ ứng dụng công nghệ thông tin","Không","Quyết định số 341/QĐ-UBND ngày 06/07/2021","Quyết định số 466/QĐ-UBND ngày 24/8/2021","Cơ sở giáo dục","Cấp Tỉnh","Sở Giáo dục và Đào tạo","Quyết định số 375/QĐ-UBND ngày 20/07/2021","Mức độ 4",""
"GDĐT","Giáo dục trung học","3.000181.000.00.00.H34","Tuyển sinh trung học phổ thông","Không","Quyết định số 341/QĐ-UBND ngày 06/07/2021","Quyết định số 466/QĐ-UBND ngày 24/8/2021","Trung tâm Phục vụ hành chính công tỉnh","Cấp Tỉnh","Sở Giáo dục và Đào tạo","Quyết định số 475/QĐ-UBND ngày 27/8/2021","Mức độ 4",""
"GDĐT","Kiểm định chất lượng giáo dục","1.000259.000.00.00.H34","Cấp giấy chứng nhận chất lượng giáo dục đối với trung tâm giáo dục thường xuyên","Không","Quyết định số 341/QĐ-UBND ngày 06/07/2021","Quyết định số 466/QĐ-UBND ngày 24/8/2021","Trung tâm Phục vụ hành chính công tỉnh","Cấp Tỉnh","Sở Giáo dục và Đào tạo","Quyết định số 526/QĐ-UBND ngày 05/10/2021","Mức độ 4",""
"GDĐT","Giáo dục và Đào tạo thuộc hệ thống giáo dục quốc dân","2.000011.000.00.00.H34","Công nhận huyện đạt chuẩn phổ cập giáo dục, xóa mù chữ","Không","Quyết định số 341/QĐ-UBND ngày 06/07/2021","Quyết định số 466/QĐ-UBND ngày 24/8/2021","Trung tâm Phục vụ hành chính công tỉnh","Cấp Tỉnh","UBND tỉnh","Quyết định số 526/QĐ-UBND ngày 05/10/2021","Mức độ 4",""
"GDĐT","Giáo dục Tiểu học","1.005099.000.00.00.H34","Chuyển trường đối với học sinh tiểu học","Không","Quyết định số 341/QĐ-UBND ngày 06/07/2021","Quyết định số 466/QĐ-UBND ngày 24/8/2021","Cơ sở giáo dục","Cấp Huyện","","Quyết định số 337/QĐ-UBND ngày 29/6/2021","Mức độ 4",""
"GDĐT","Giáo dục và Đào tạo thuộc hệ thống giáo dục quốc dân","1.004831.000.00.00.H34","Chuyển trường đối với học sinh trung học cơ sở","Không","Quyết định số 341/QĐ-UBND ngày 06/07/2021","Quyết định số 466/QĐ-UBND ngày 24/8/2021","Bộ phận Tiếp nhận và Trả kết quả cấp Huyện","Cấp Huyện","UBND cấp Huyện","Quyết định số 337/QĐ-UBND ngày 29/6/2021","Mức độ 4",""
"GDĐT","Giáo dục tiểu học","1.004555.000.00.00.H34","Thành lập trường tiểu học công lập, cho phép thành lập trường tiểu học tư thục","Không","Quyết định số 341/QĐ-UBND ngày 06/07/2021","Quyết định số 466/QĐ-UBND ngày 24/8/2021","Bộ phận Tiếp nhận và Trả kết quả cấp Huyện","Cấp Huyện","UBND cấp Huyện","Quyết định số 375/QĐ-UBND ngày 20/07/2021","Mức độ 4",""
"GDĐT","Giáo dục tiểu học","1.004563.000.00.00.H34","Sáp nhập, chia, tách trường tiểu học","Không","Quyết định số 341/QĐ-UBND ngày 06/07/2021","Quyết định số 466/QĐ-UBND ngày 24/8/2021","Bộ phận Tiếp nhận và Trả kết quả cấp Huyện","Cấp Huyện","UBND cấp Huyện","Quyết định số 375/QĐ-UBND ngày 20/07/2021","Mức độ 4",""
"GDĐT","Giáo dục tiểu học","1.001639.000.00.00.H34","Giải thể trường tiểu học (theo đề nghị của tổ chức, cá nhân đề nghị thành lập trường tiểu học)","Không","Quyết định số 341/QĐ-UBND ngày 06/07/2021","Quyết định số 466/QĐ-UBND ngày 24/8/2021","Bộ phận Tiếp nhận và Trả kết quả cấp Huyện","Cấp Huyện","UBND cấp Huyện","Quyết định số 375/QĐ-UBND ngày 20/07/2021","Mức độ 4",""
"GDĐT","Giáo dục trung học","1.004442.000.00.00.H34","Thành lập trường trung học cơ sở công lập hoặc cho phép thành lập trường trung học cơ sở tư thục","Không","Quyết định số 341/QĐ-UBND ngày 06/07/2021","Quyết định số 466/QĐ-UBND ngày 24/8/2021","Bộ phận Tiếp nhận và Trả kết quả cấp Huyện","Cấp Huyện","UBND cấp Huyện","Quyết định số 375/QĐ-UBND ngày 20/07/2021","Mức độ 4",""
"GDĐT","Giáo dục trung học","2.001809.000.00.00.H34","Sáp nhập, chia, tách trường trung học cơ sở","Không","Quyết định số 341/QĐ-UBND ngày 06/07/2021","Quyết định số 466/QĐ-UBND ngày 24/8/2021","Bộ phận Tiếp nhận và Trả kết quả cấp Huyện","Cấp Huyện","UBND cấp Huyện","Quyết định số 375/QĐ-UBND ngày 20/07/2021","Mức độ 4",""
"GDĐT","Giáo dục trung học","2.001818.000.00.00.H34","Giải thể trường trung học cơ sở (theo đề nghị của cá nhân, tổ chức thành lâp trường)","Không","Quyết định số 341/QĐ-UBND ngày 06/07/2021","Quyết định số 466/QĐ-UBND ngày 24/8/2021","Bộ phận Tiếp nhận và Trả kết quả cấp Huyện","Cấp Huyện","UBND cấp Huyện","Quyết định số 375/QĐ-UBND ngày 20/07/2021","Mức độ 4",""
"GDĐT","Giáo dục trung học","3.000182.000.00.00.H34","Tuyển sinh trung học cơ sở","Không","Quyết định số 341/QĐ-UBND ngày 06/07/2021","Quyết định số 466/QĐ-UBND ngày 24/8/2021","Bộ phận Tiếp nhận và Trả kết quả cấp Huyện","Cấp Huyện","UBND cấp Huyện","Quyết định số 475/QĐ-UBND ngày 27/8/2021","Mức độ 4",""
"GDĐT","Giáo dục trung học","2.001904.000.00.00.H34","Tiếp nhận đối tượng học bổ túc THCS","Không","Quyết định số 341/QĐ-UBND ngày 06/07/2021","Quyết định số 466/QĐ-UBND ngày 24/8/2021","Bộ phận Tiếp nhận và Trả kết quả cấp Huyện","Cấp Huyện","UBND cấp Huyện","Quyết định số 375/QĐ-UBND ngày 20/07/2021","Mức độ 4",""
"GDĐT","Giáo dục trung học","1.005108.000.00.00.H34","Thuyên chuyển đối tượng học bổ túc THCS","Không","Quyết định số 341/QĐ-UBND ngày 06/07/2021","Quyết định số 466/QĐ-UBND ngày 24/8/2021","Bộ phận Tiếp nhận và Trả kết quả cấp Huyện","Cấp Huyện","UBND cấp Huyện","Quyết định số 375/QĐ-UBND ngày 20/07/2021","Mức độ 4",""
"GDĐT","Giáo dục mầm non","1.004515.000.00.00.H34","Giải thể trường mẫu giáo, trường mầm non, nhà trẻ (theo yêu cầu của tổ chức, cá nhân đề nghị thành lập)","Không","Quyết định số 341/QĐ-UBND ngày 06/07/2021","Quyết định số 466/QĐ-UBND ngày 24/8/2021","Bộ phận Tiếp nhận và Trả kết quả cấp Huyện","Cấp Huyện","UBND cấp Huyện","Quyết định số 375/QĐ-UBND ngày 20/07/2021","Mức độ 4",""
"GDĐT","Giáo dục mầm non","1.004494.000.00.00.H34","Thành lập trường mẫu giáo, trường mầm non, nhà trẻ công lập hoặc cho phép thành lập trường mẫu giáo, trường mầm non, nhà trẻ dân lập, tư thục","Không","Quyết định số 341/QĐ-UBND ngày 06/07/2021","Quyết định số 466/QĐ-UBND ngày 24/8/2021","Bộ phận Tiếp nhận và Trả kết quả cấp Huyện","Cấp Huyện","UBND cấp Huyện","Quyết định số 375/QĐ-UBND ngày 20/07/2021","Mức độ 4",""
"GDĐT","Giáo dục dân tộc","1.004545.000.00.00.H34","Thành lập trường phổ thông dân tộc bán trú","Không","Quyết định số 341/QĐ-UBND ngày 06/07/2021","Quyết định số 466/QĐ-UBND ngày 24/8/2021","Bộ phận Tiếp nhận và Trả kết quả cấp Huyện","Cấp Huyện","UBND cấp Huyện","Quyết định số 375/QĐ-UBND ngày 20/07/2021","Mức độ 4",""
"GDĐT","Giáo dục dân tộc","2.001837.000.00.00.H34","Sáp nhập, chia, tách trường phổ thông dân tộc bán trú","Không","Quyết định số 341/QĐ-UBND ngày 06/07/2021","Quyết định số 466/QĐ-UBND ngày 24/8/2021","Bộ phận Tiếp nhận và Trả kết quả cấp Huyện","Cấp Huyện","UBND cấp Huyện","Quyết định số 375/QĐ-UBND ngày 20/07/2021","Mức độ 4",""
"GDĐT","Giáo dục dân tộc","2.001824.000.00.00.H34","Chuyển đổi trường phổ thông dân tộc bán trú","Không","Quyết định số 341/QĐ-UBND ngày 06/07/2021","Quyết định số 466/QĐ-UBND ngày 24/8/2021","Bộ phận Tiếp nhận và Trả kết quả cấp Huyện","Cấp Huyện","UBND cấp Huyện","Quyết định số 375/QĐ-UBND ngày 20/07/2021","Mức độ 4",""
"GDĐT","Giáo dục đào tạo thuộc hệ thống giáo dục quốc dân và các cơ sở khác","1.004439.000.00.00.H34","Thành lập trung tâm học tập cộng đồng","Không","Quyết định số 341/QĐ-UBND ngày 06/07/2021","Quyết định số 466/QĐ-UBND ngày 24/8/2021","Bộ phận Tiếp nhận và Trả kết quả cấp Huyện","Cấp Huyện","UBND cấp Huyện","Quyết định số 375/QĐ-UBND ngày 20/07/2021","Mức độ 4",""
"GDĐT","Giáo dục đào tạo thuộc hệ thống giáo dục quốc dân và các cơ sở khác","1.004440.000.00.00.H34","Cho phép trung tâm học tập cộng đồng hoạt động trở lại","Không","Quyết định số 341/QĐ-UBND ngày 06/07/2021","Quyết định số 466/QĐ-UBND ngày 24/8/2021","Bộ phận Tiếp nhận và Trả kết quả cấp Huyện","Cấp Huyện","UBND cấp Huyện","Quyết định số 375/QĐ-UBND ngày 20/07/2021","Mức độ 4",""
"GDĐT","Giáo dục và Đào tạo thuộc hệ thống giáo dục quốc dân","1.003702.000.00.00.H34","Hỗ trợ học tập đối với trẻ mẫu giáo, học sinh tiểu học, học sinh trung học cơ sở, sinh viên các dân tộc thiểu số rất ít người","Không","Quyết định số 341/QĐ-UBND ngày 06/07/2021","Quyết định số 466/QĐ-UBND ngày 24/8/2021","Bộ phận Tiếp nhận và Trả kết quả cấp Huyện","Cấp Huyện","UBND cấp Huyện","Quyết định số 375/QĐ-UBND ngày 20/07/2021","Mức độ 4",""
"GDĐT","Giáo dục và Đào tạo thuộc hệ thống giáo dục quốc dân","1.004438.000.00.00.H34","Xét, duyệt chính sách hỗ trợ đối với học sinh bán trú đang học tại các trường tiểu học, trung học cở sở ở xã, thôn đặc biệt khó khăn","Không","Quyết định số 341/QĐ-UBND ngày 06/07/2021","Quyết định số 466/QĐ-UBND ngày 24/8/2021","Bộ phận Tiếp nhận và Trả kết quả cấp Huyện","Cấp Huyện","UBND cấp Huyện","Quyết định số 375/QĐ-UBND ngày 20/07/2021","Mức độ 4",""
"GDĐT","Giáo dục và Đào tạo thuộc hệ thống giáo dục quốc dân","1.008724.000.00.00.H34","Chuyển đổi nhà trẻ, trường mẫu giáo, trường mầm non tư thục do nhà đầu tư trong nước đầu tư sang nhà trẻ, trường mẫu giáo, trường mầm non tư thục hoạt động không vì lợi nhuận","Không","Quyết định số 341/QĐ-UBND ngày 06/07/2021","Quyết định số 466/QĐ-UBND ngày 24/8/2021","Bộ phận Tiếp nhận và Trả kết quả cấp Huyện","Cấp Huyện","UBND cấp Huyện","Quyết định số 375/QĐ-UBND ngày 20/07/2021","Mức độ 4",""
"GDĐT","Giáo dục và Đào tạo thuộc hệ thống giáo dục quốc dân","1.008725.000.00.00.H34","Chuyển đổi trường tiểu học tư thục, trường trung học cơ sở tư thục và trường phổ thông tư thục có nhiều cấp học có cấp học cao nhất là trung học cơ sở do nhà đầu tư trong nước đầu tư sang trường phổ thông tư thục hoạt động không vì lợi nhuận","Không","Quyết định số 341/QĐ-UBND ngày 06/07/2021","Quyết định số 466/QĐ-UBND ngày 24/8/2021","Bộ phận Tiếp nhận và Trả kết quả cấp Huyện","Cấp Huyện","UBND cấp Huyện","Quyết định số 375/QĐ-UBND ngày 20/07/2021","Mức độ 4",""
"GDĐT","Giáo dục và Đào tạo thuộc hệ thống giáo dục quốc dân","1.001622.000.00.00.H34","Hỗ trợ ăn trưa cho trẻ em mẫu giáo","Không","Quyết định số 341/QĐ-UBND ngày 06/07/2021","Quyết định số 466/QĐ-UBND ngày 24/8/2021","Bộ phận Tiếp nhận và Trả kết quả cấp Huyện","Cấp Huyện","UBND cấp Huyện","Quyết định số 375/QĐ-UBND ngày 20/07/2021","Mức độ 4",""
"GDĐT","Giáo dục và Đào tạo thuộc hệ thống giáo dục quốc dân","1.008950.000.00.00.H34","Trợ cấp đối với trẻ em mầm non là con công nhân, người lao động làm việc tại khu công nghiệp","Không","Quyết định số 341/QĐ-UBND ngày 06/07/2021","Quyết định số 466/QĐ-UBND ngày 24/8/2021","Bộ phận Tiếp nhận và Trả kết quả cấp Huyện","Cấp Huyện","UBND cấp Huyện","Quyết định số 375/QĐ-UBND ngày 20/07/2021","Mức độ 4",""
"GDĐT","Giáo dục và Đào tạo thuộc hệ thống giáo dục quốc dân","1.008951.000.00.00.H34","Hỗ trợ đối với giáo viên mầm non làm việc tại cơ sở giáo dục mầm non dân lập, tư thục ở địa bàn có khu công nghiệp","Không","Quyết định số 341/QĐ-UBND ngày 06/07/2021","Quyết định số 466/QĐ-UBND ngày 24/8/2021","Bộ phận Tiếp nhận và Trả kết quả cấp Huyện","Cấp Huyện","UBND cấp Huyện","Quyết định số 375/QĐ-UBND ngày 20/07/2021","Mức độ 4",""
"GDĐT","Giáo dục tiểu học","1.004552.000.00.00.H34","Cho phép trường tiểu học hoạt động giáo dục trở lại","Không","Quyết định số 341/QĐ-UBND ngày 06/07/2021","Quyết định số 466/QĐ-UBND ngày 24/8/2021","Bộ phận Tiếp nhận và Trả kết quả cấp Huyện","Cấp Huyện","UBND cấp Huyện","Quyết định số 526/QĐ-UBND ngày 05/10/2021","Mức độ 4",""
"GDĐT","Giáo dục mầm non","1.006390.000.00.00.H34","Cho phép trường mẫu giáo, trường mầm non, nhà trẻ hoạt động giáo dục","Không","Quyết định số 341/QĐ-UBND ngày 06/07/2021","Quyết định số 466/QĐ-UBND ngày 24/8/2021","Bộ phận Tiếp nhận và Trả kết quả cấp Huyện","Cấp Huyện","UBND cấp Huyện","Quyết định số 526/QĐ-UBND ngày 05/10/2021","Mức độ 4",""
"GDĐT","Giáo dục mầm non","1.006445.000.00.00.H34","Sáp nhập, chia, tách trường mẫu giáo, trường mầm non, nhà trẻ","Không","Quyết định số 341/QĐ-UBND ngày 06/07/2021","Quyết định số 466/QĐ-UBND ngày 24/8/2021","Bộ phận Tiếp nhận và Trả kết quả cấp Huyện","Cấp Huyện","UBND cấp Huyện","Quyết định số 526/QĐ-UBND ngày 05/10/2021","Mức độ 4",""
"GDĐT","Giáo dục trung học","1.004475.000.00.00.H34","Cho phép trường trung học cơ sở hoạt động trở lại","Không","Quyết định số 341/QĐ-UBND ngày 06/07/2021","Quyết định số 466/QĐ-UBND ngày 24/8/2021","Bộ phận Tiếp nhận và Trả kết quả cấp Huyện","Cấp Huyện","UBND cấp Huyện","Quyết định số 526/QĐ-UBND ngày 05/10/2021","Mức độ 4",""
"GDĐT","Giáo dục dân tộc","2.001839.000.00.00.H34","Cho phép trường phổ thông dân tộc bán trú hoạt động giáo dục","Không","Quyết định số 341/QĐ-UBND ngày 06/07/2021","Quyết định số 466/QĐ-UBND ngày 24/8/2021","Bộ phận Tiếp nhận và Trả kết quả cấp Huyện","Cấp Huyện","UBND cấp Huyện","Quyết định số 526/QĐ-UBND ngày 05/10/2021","Mức độ 4",""
"GDĐT","Giáo dục và Đào tạo thuộc hệ thống giáo dục quốc dân","1.005106.000.00.00.H34","Công nhận xã đạt chuẩn phổ cập giáo dục, xóa mù chữ","Không","Quyết định số 341/QĐ-UBND ngày 06/07/2021","Quyết định số 466/QĐ-UBND ngày 24/8/2021","Bộ phận Tiếp nhận và Trả kết quả cấp Huyện","Cấp Huyện","UBND cấp Huyện","Quyết định số 526/QĐ-UBND ngày 05/10/2021","Mức độ 4",""
"GDĐT","Giáo dục và Đào tạo thuộc hệ thống giáo dục quốc dân","1.005097.000.00.00.H34","Quy trình đánh giá, xếp loại Cộng đồng học tập cấp xã","Không","Quyết định số 341/QĐ-UBND ngày 06/07/2021","Quyết định số 466/QĐ-UBND ngày 24/8/2021","Bộ phận Tiếp nhận và Trả kết quả cấp Huyện","Cấp Huyện","UBND cấp Huyện","Quyết định số 526/QĐ-UBND ngày 05/10/2021","Mức độ 4",""
"GDĐT","Giáo dục đào tạo thuộc hệ thống giáo dục quốc dân và các cơ sở khác","1.004492.000.00.00.H34","Thành lập nhóm trẻ, lớp mẫu giáo độc lập","Không","Quyết định số 341/QĐ-UBND ngày 06/07/2021","Quyết định số 470/QĐ-UBND ngày 26/8/2021","Bộ phận Tiếp nhận và Trả kết quả cấp Xã","Cấp Xã","UBND cấp Xã","Quyết định số 526/QĐ-UBND ngày 05/10/2021","Mức độ 4",""
"GDĐT","Giáo dục và Đào tạo thuộc hệ thống giáo dục quốc dân","1.004441.000.00.00.H34","Cho phép cơ sở giáo dục khác thực hiện chương trình giáo dục tiểu học","Không","Quyết định số 341/QĐ-UBND ngày 06/07/2021","Quyết định số 470/QĐ-UBND ngày 26/8/2021","Bộ phận Tiếp nhận và Trả kết quả cấp Xã","Cấp Xã","UBND cấp Xã","Quyết định số 337/QĐ-UBND ngày 29/6/2021","Mức độ 4",""